,SNP,Chr,Pos,P.value,MAF,traits
107842,chrLG4:24064559,chrLG4,24064559,7.827928e-11,0.4756944,GLM.RAB(NYC)
107845,chrLG4:24066308,chrLG4,24066308,5.543276e-08,0.2395833,GLM.RAB(NYC)
107847,chrLG4:24067576,chrLG4,24067576,3.911264e-10,0.4930556,GLM.RAB(NYC)
107848,chrLG4:24067828,chrLG4,24067828,9.245515e-08,0.3298611,GLM.RAB(NYC)
107850,chrLG4:24068859,chrLG4,24068859,5.823954e-10,0.4756944,GLM.RAB(NYC)
107851,chrLG4:24068932,chrLG4,24068932,7.420196e-09,0.4722222,GLM.RAB(NYC)
107854,chrLG4:24069472,chrLG4,24069472,2.691154e-10,0.4548611,GLM.RAB(NYC)
107856,chrLG4:24069680,chrLG4,24069680,1.416356e-08,0.4756944,GLM.RAB(NYC)
107859,chrLG4:24069877,chrLG4,24069877,3.128167e-10,0.4861111,GLM.RAB(NYC)
107861,chrLG4:24070596,chrLG4,24070596,3.452428e-08,0.4791667,GLM.RAB(NYC)
107863,chrLG4:24070875,chrLG4,24070875,2.288948e-10,0.4687500,GLM.RAB(NYC)
107864,chrLG4:24070891,chrLG4,24070891,9.220023e-10,0.4548611,GLM.RAB(NYC)
